Person,Channel,Where,Page slug,Week no.,Question sent,Date sent,Date answered,Days taken,Video ID,Length,Notes
Luis (Dad),WhatsApp,UK,luis,4,,2026-09-28,2026-10-05,7,Tojcfx1yFlA,,"Answered 1, 2 and 3. Page live."
Mum,WhatsApp,UK,,,,,,,,,Start after Dad has answered twice
Fredrich,WhatsApp,,,,,,,,,,Check whether questions need translating
Art,Phone call,US,,,,,,,,,TCPA: needs his own opt-in before any automated call
Cindy,Phone call,US,,,,,,,,,"Own page, linked to Art's"
Basil,,,,1,,,,,,,Candidate — whose relative? which country? WhatsApp or email?
David Lobo,,,,1,,,,,,,Candidate — whose relative? which country? WhatsApp or email?
Terry,,,,1,,,,,,,Candidate — whose relative? which country? WhatsApp or email?
,,,,,,,,,,,
,,,,,,,,,,,
,,,,,,,,,,,
,,,,,,,,,,,
,,,,,,,,,,,
,,,,,,,,,,,
,,,,,,,,,,,
,,,,,,,,,,,
,,,,,,,,,,,
,,,,,,,,,,,
,,,,,,,,,,,
,,,,,,,,,,,
